<?xml version="1.0" encoding="ISO-8859-1" ?>
<link_info>
   <banner>TI ARM Linker PC v18.12.4.LTS</banner>
   <copyright>Copyright (c) 1996-2018 Texas Instruments Incorporated</copyright>
   <link_time>0x5ea6d563</link_time>
   <link_errors>0x0</link_errors>
   <output_file>es_lab02_tm4c129e_Debug01.out</output_file>
   <entry_point>
      <name>_c_int00_noargs</name>
      <address>0x741</address>
   </entry_point>
   <input_file_list>
      <input_file id="fl-2">
         <path>.\</path>
         <kind>object</kind>
         <file>tm4c129encpdt_startup_ccs.obj</file>
         <name>tm4c129encpdt_startup_ccs.obj</name>
      </input_file>
      <input_file id="fl-3">
         <path>.\</path>
         <kind>object</kind>
         <file>uartstdio.obj</file>
         <name>uartstdio.obj</name>
      </input_file>
      <input_file id="fl-4">
         <path>.\</path>
         <kind>object</kind>
         <file>xs_lab02_tm4c129e_Debug01.obj</file>
         <name>xs_lab02_tm4c129e_Debug01.obj</name>
      </input_file>
      <input_file id="fl-5">
         <path>.\CFAF128128B0145T\</path>
         <kind>object</kind>
         <file>CFAF128128B0145T.obj</file>
         <name>CFAF128128B0145T.obj</name>
      </input_file>
      <input_file id="fl-a">
         <kind>object</kind>
         <file>&lt;internal&gt;</file>
         <name>&lt;internal&gt;</name>
      </input_file>
      <input_file id="fl-c0">
         <path>C:\Tools\TexasInstruments\ccs930\ccs\tools\compiler\ti-cgt-arm_18.12.4.LTS\lib\</path>
         <kind>archive</kind>
         <file>rtsv7M4_T_le_v4SPD16_eabi.lib</file>
         <name>u_divt2.asm.obj</name>
      </input_file>
      <input_file id="fl-c1">
         <path>C:\Tools\TexasInstruments\ccs930\ccs\tools\compiler\ti-cgt-arm_18.12.4.LTS\lib\</path>
         <kind>archive</kind>
         <file>rtsv7M4_T_le_v4SPD16_eabi.lib</file>
         <name>copy_zero_init.c.obj</name>
      </input_file>
      <input_file id="fl-c2">
         <path>C:\Tools\TexasInstruments\ccs930\ccs\tools\compiler\ti-cgt-arm_18.12.4.LTS\lib\</path>
         <kind>archive</kind>
         <file>rtsv7M4_T_le_v4SPD16_eabi.lib</file>
         <name>copy_decompress_none.c.obj</name>
      </input_file>
      <input_file id="fl-c3">
         <path>C:\Tools\TexasInstruments\ccs930\ccs\tools\compiler\ti-cgt-arm_18.12.4.LTS\lib\</path>
         <kind>archive</kind>
         <file>rtsv7M4_T_le_v4SPD16_eabi.lib</file>
         <name>copy_decompress_lzss.c.obj</name>
      </input_file>
      <input_file id="fl-c4">
         <path>C:\Tools\TexasInstruments\ccs930\ccs\tools\compiler\ti-cgt-arm_18.12.4.LTS\lib\</path>
         <kind>archive</kind>
         <file>rtsv7M4_T_le_v4SPD16_eabi.lib</file>
         <name>strlen.c.obj</name>
      </input_file>
      <input_file id="fl-c5">
         <path>C:\Tools\TexasInstruments\ccs930\ccs\tools\compiler\ti-cgt-arm_18.12.4.LTS\lib\</path>
         <kind>archive</kind>
         <file>rtsv7M4_T_le_v4SPD16_eabi.lib</file>
         <name>boot_cortex_m.c.obj</name>
      </input_file>
      <input_file id="fl-c6">
         <path>C:\Tools\TexasInstruments\ccs930\ccs\tools\compiler\ti-cgt-arm_18.12.4.LTS\lib\</path>
         <kind>archive</kind>
         <file>rtsv7M4_T_le_v4SPD16_eabi.lib</file>
         <name>div0.asm.obj</name>
      </input_file>
      <input_file id="fl-c7">
         <path>C:\Tools\TexasInstruments\ccs930\ccs\tools\compiler\ti-cgt-arm_18.12.4.LTS\lib\</path>
         <kind>archive</kind>
         <file>rtsv7M4_T_le_v4SPD16_eabi.lib</file>
         <name>memcpy_t2.asm.obj</name>
      </input_file>
      <input_file id="fl-c8">
         <path>C:\Tools\TexasInstruments\ccs930\ccs\tools\compiler\ti-cgt-arm_18.12.4.LTS\lib\</path>
         <kind>archive</kind>
         <file>rtsv7M4_T_le_v4SPD16_eabi.lib</file>
         <name>memset_t2.asm.obj</name>
      </input_file>
      <input_file id="fl-c9">
         <path>C:\Tools\TexasInstruments\ccs930\ccs\tools\compiler\ti-cgt-arm_18.12.4.LTS\lib\</path>
         <kind>archive</kind>
         <file>rtsv7M4_T_le_v4SPD16_eabi.lib</file>
         <name>autoinit.c.obj</name>
      </input_file>
      <input_file id="fl-ca">
         <path>C:\Tools\TexasInstruments\ccs930\ccs\tools\compiler\ti-cgt-arm_18.12.4.LTS\lib\</path>
         <kind>archive</kind>
         <file>rtsv7M4_T_le_v4SPD16_eabi.lib</file>
         <name>pre_init.c.obj</name>
      </input_file>
      <input_file id="fl-cb">
         <path>C:\Tools\TexasInstruments\ccs930\ccs\tools\compiler\ti-cgt-arm_18.12.4.LTS\lib\</path>
         <kind>archive</kind>
         <file>rtsv7M4_T_le_v4SPD16_eabi.lib</file>
         <name>cpy_tbl.c.obj</name>
      </input_file>
      <input_file id="fl-cc">
         <path>C:\Tools\TexasInstruments\ccs930\ccs\tools\compiler\ti-cgt-arm_18.12.4.LTS\lib\</path>
         <kind>archive</kind>
         <file>rtsv7M4_T_le_v4SPD16_eabi.lib</file>
         <name>exit.c.obj</name>
      </input_file>
      <input_file id="fl-cd">
         <path>C:\Tools\TexasInstruments\ccs930\ccs\tools\compiler\ti-cgt-arm_18.12.4.LTS\lib\</path>
         <kind>archive</kind>
         <file>rtsv7M4_T_le_v4SPD16_eabi.lib</file>
         <name>_lock.c.obj</name>
      </input_file>
      <input_file id="fl-ce">
         <path>C:\Tools\TexasInstruments\ccs930\ccs\tools\compiler\ti-cgt-arm_18.12.4.LTS\lib\</path>
         <kind>archive</kind>
         <file>rtsv7M4_T_le_v4SPD16_eabi.lib</file>
         <name>args_main.c.obj</name>
      </input_file>
      <input_file id="fl-cf">
         <path>C:\Tools\TexasInstruments\TivaWare_C_Series-2.1.4.178\driverlib\ccs\Debug\</path>
         <kind>archive</kind>
         <file>driverlib.lib</file>
         <name>gpio.obj</name>
      </input_file>
      <input_file id="fl-d0">
         <path>C:\Tools\TexasInstruments\TivaWare_C_Series-2.1.4.178\driverlib\ccs\Debug\</path>
         <kind>archive</kind>
         <file>driverlib.lib</file>
         <name>interrupt.obj</name>
      </input_file>
      <input_file id="fl-d1">
         <path>C:\Tools\TexasInstruments\TivaWare_C_Series-2.1.4.178\driverlib\ccs\Debug\</path>
         <kind>archive</kind>
         <file>driverlib.lib</file>
         <name>ssi.obj</name>
      </input_file>
      <input_file id="fl-d2">
         <path>C:\Tools\TexasInstruments\TivaWare_C_Series-2.1.4.178\driverlib\ccs\Debug\</path>
         <kind>archive</kind>
         <file>driverlib.lib</file>
         <name>sysctl.obj</name>
      </input_file>
      <input_file id="fl-d3">
         <path>C:\Tools\TexasInstruments\TivaWare_C_Series-2.1.4.178\driverlib\ccs\Debug\</path>
         <kind>archive</kind>
         <file>driverlib.lib</file>
         <name>cpu.obj</name>
      </input_file>
   </input_file_list>
   <object_component_list>
      <object_component id="oc-f">
         <name>.intvecs</name>
         <load_address>0x0</load_address>
         <run_address>0x0</run_address>
         <size>0x208</size>
         <input_file_ref idref="fl-2"/>
      </object_component>
      <object_component id="oc-bf">
         <name>.text:SysCtlClockFreqSet</name>
         <load_address>0x208</load_address>
         <run_address>0x208</run_address>
         <size>0x200</size>
         <input_file_ref idref="fl-d2"/>
      </object_component>
      <object_component id="oc-143">
         <name>.text:GPIOPadConfigSet</name>
         <load_address>0x408</load_address>
         <run_address>0x408</run_address>
         <size>0x132</size>
         <input_file_ref idref="fl-cf"/>
      </object_component>
      <object_component id="oc-98">
         <name>.text</name>
         <load_address>0x53c</load_address>
         <run_address>0x53c</run_address>
         <size>0x10c</size>
         <input_file_ref idref="fl-4"/>
      </object_component>
      <object_component id="oc-12b">
         <name>.text:_SysCtlFrequencyGet</name>
         <load_address>0x648</load_address>
         <run_address>0x648</run_address>
         <size>0x48</size>
         <input_file_ref idref="fl-d2"/>
      </object_component>
      <object_component id="oc-f3">
         <name>.text:__TI_auto_init_nobinit_nopinit:__TI_auto_init_nobinit_nopinit</name>
         <load_address>0x690</load_address>
         <run_address>0x690</run_address>
         <size>0x44</size>
         <input_file_ref idref="fl-c9"/>
      </object_component>
      <object_component id="oc-cb">
         <name>.text:SysCtlPeripheralReady</name>
         <load_address>0x6d4</load_address>
         <run_address>0x6d4</run_address>
         <size>0x38</size>
         <input_file_ref idref="fl-d2"/>
      </object_component>
      <object_component id="oc-c5">
         <name>.text:SysCtlPeripheralEnable</name>
         <load_address>0x70c</load_address>
         <run_address>0x70c</run_address>
         <size>0x34</size>
         <input_file_ref idref="fl-d2"/>
      </object_component>
      <object_component id="oc-56">
         <name>.text:_c_int00_noargs:_c_int00_noargs</name>
         <load_address>0x740</load_address>
         <run_address>0x740</run_address>
         <size>0x34</size>
         <input_file_ref idref="fl-c5"/>
      </object_component>
      <object_component id="oc-149">
         <name>.text:GPIODirModeSet</name>
         <load_address>0x774</load_address>
         <run_address>0x774</run_address>
         <size>0x2a</size>
         <input_file_ref idref="fl-cf"/>
      </object_component>
      <object_component id="oc-125">
         <name>.text:_SysCtlMemTimingGet</name>
         <load_address>0x7a0</load_address>
         <run_address>0x7a0</run_address>
         <size>0x20</size>
         <input_file_ref idref="fl-d2"/>
      </object_component>
      <object_component id="oc-44">
         <name>.text:decompress:ZI:__TI_zero_init_nomemset:__TI_zero_init_nomemset</name>
         <load_address>0x7c0</load_address>
         <run_address>0x7c0</run_address>
         <size>0x1c</size>
         <input_file_ref idref="fl-c1"/>
      </object_component>
      <object_component id="oc-d1">
         <name>.text:GPIOPinTypeGPIOOutput</name>
         <load_address>0x7dc</load_address>
         <run_address>0x7dc</run_address>
         <size>0x18</size>
         <input_file_ref idref="fl-cf"/>
      </object_component>
      <object_component id="oc-24">
         <name>.text</name>
         <load_address>0x7f4</load_address>
         <run_address>0x7f4</run_address>
         <size>0xc</size>
         <input_file_ref idref="fl-2"/>
      </object_component>
      <object_component id="oc-d7">
         <name>.text:GPIOPinWrite</name>
         <load_address>0x800</load_address>
         <run_address>0x800</run_address>
         <size>0x6</size>
         <input_file_ref idref="fl-cf"/>
      </object_component>
      <object_component id="oc-dd">
         <name>.text:SysCtlDelay</name>
         <load_address>0x806</load_address>
         <run_address>0x806</run_address>
         <size>0x6</size>
         <input_file_ref idref="fl-d2"/>
      </object_component>
      <object_component id="oc-92">
         <name>.text:_system_pre_init</name>
         <load_address>0x80c</load_address>
         <run_address>0x80c</run_address>
         <size>0x4</size>
         <input_file_ref idref="fl-ca"/>
      </object_component>
      <object_component id="oc-e7">
         <name>.text:abort:abort</name>
         <load_address>0x810</load_address>
         <run_address>0x810</run_address>
         <size>0x4</size>
         <input_file_ref idref="fl-cc"/>
      </object_component>
      <object_component id="oc-134">
         <name>.const:g_pppui32XTALtoVCO</name>
         <load_address>0x814</load_address>
         <run_address>0x814</run_address>
         <size>0x1b0</size>
         <input_file_ref idref="fl-d2"/>
      </object_component>
      <object_component id="oc-131">
         <name>.const:g_pui32Xtals</name>
         <load_address>0x9c4</load_address>
         <run_address>0x9c4</run_address>
         <size>0x6c</size>
         <input_file_ref idref="fl-d2"/>
      </object_component>
      <object_component id="oc-174">
         <name>.const:g_sXTALtoMEMTIM</name>
         <load_address>0xa30</load_address>
         <run_address>0xa30</run_address>
         <size>0x30</size>
         <input_file_ref idref="fl-d2"/>
      </object_component>
      <object_component id="oc-137">
         <name>.const</name>
         <load_address>0xa60</load_address>
         <run_address>0xa60</run_address>
         <size>0x8</size>
         <input_file_ref idref="fl-d2"/>
      </object_component>
      <object_component id="oc-1e5">
         <name>.cinit..bss.load</name>
         <load_address>0xa68</load_address>
         <run_address>0xa68</run_address>
         <size>0x8</size>
      </object_component>
      <object_component id="oc-1e3">
         <name>__TI_handler_table</name>
         <load_address>0xa70</load_address>
         <run_address>0xa70</run_address>
         <size>0x4</size>
      </object_component>
      <object_component id="oc-1e4">
         <name>__TI_cinit_table</name>
         <load_address>0xa74</load_address>
         <run_address>0xa74</run_address>
         <size>0x8</size>
      </object_component>
      <object_component id="oc-de">
         <name>.common:g_ui32SysClock</name>
         <uninitialized>true</uninitialized>
         <run_address>0x20000400</run_address>
         <size>0x4</size>
      </object_component>
      <object_component id="oc-21">
         <name>.stack</name>
         <uninitialized>true</uninitialized>
         <run_address>0x20000000</run_address>
         <size>0x4</size>
         <input_file_ref idref="fl-c5"/>
      </object_component>
      <object_component id="oc-1e6">
         <name>.stack</name>
         <uninitialized>true</uninitialized>
         <run_address>0x20000000</run_address>
         <size>0x0</size>
      </object_component>
      <object_component id="oc-2c">
         <name>.debug_info</name>
         <load_address>0x0</load_address>
         <run_address>0x0</run_address>
         <size>0x2ca</size>
         <input_file_ref idref="fl-2"/>
      </object_component>
      <object_component id="oc-10">
         <name>.debug_info</name>
         <load_address>0x2ca</load_address>
         <run_address>0x2ca</run_address>
         <size>0x109</size>
         <input_file_ref idref="fl-2"/>
      </object_component>
      <object_component id="oc-25">
         <name>.debug_info</name>
         <load_address>0x3d3</load_address>
         <run_address>0x3d3</run_address>
         <size>0x288</size>
         <input_file_ref idref="fl-2"/>
      </object_component>
      <object_component id="oc-6d">
         <name>.debug_info</name>
         <load_address>0x65b</load_address>
         <run_address>0x65b</run_address>
         <size>0x26b</size>
         <input_file_ref idref="fl-2"/>
      </object_component>
      <object_component id="oc-33">
         <name>.debug_info</name>
         <load_address>0x8c6</load_address>
         <run_address>0x8c6</run_address>
         <size>0x84</size>
         <input_file_ref idref="fl-2"/>
      </object_component>
      <object_component id="oc-aa">
         <name>.debug_info</name>
         <load_address>0x94a</load_address>
         <run_address>0x94a</run_address>
         <size>0x297</size>
         <input_file_ref idref="fl-2"/>
      </object_component>
      <object_component id="oc-72">
         <name>.debug_info</name>
         <load_address>0xbe1</load_address>
         <run_address>0xbe1</run_address>
         <size>0xbb</size>
         <input_file_ref idref="fl-2"/>
      </object_component>
      <object_component id="oc-e2">
         <name>.debug_info</name>
         <load_address>0xc9c</load_address>
         <run_address>0xc9c</run_address>
         <size>0x8b</size>
         <input_file_ref idref="fl-3"/>
      </object_component>
      <object_component id="oc-df">
         <name>.debug_info</name>
         <load_address>0xd27</load_address>
         <run_address>0xd27</run_address>
         <size>0x417</size>
         <input_file_ref idref="fl-4"/>
      </object_component>
      <object_component id="oc-9c">
         <name>.debug_info</name>
         <load_address>0x113e</load_address>
         <run_address>0x113e</run_address>
         <size>0x386</size>
         <input_file_ref idref="fl-4"/>
      </object_component>
      <object_component id="oc-b6">
         <name>.debug_info</name>
         <load_address>0x14c4</load_address>
         <run_address>0x14c4</run_address>
         <size>0x2c</size>
         <input_file_ref idref="fl-5"/>
      </object_component>
      <object_component id="oc-8b">
         <name>.debug_info</name>
         <load_address>0x14f0</load_address>
         <run_address>0x14f0</run_address>
         <size>0x2d3</size>
         <input_file_ref idref="fl-c1"/>
      </object_component>
      <object_component id="oc-48">
         <name>.debug_info</name>
         <load_address>0x17c3</load_address>
         <run_address>0x17c3</run_address>
         <size>0x1d1</size>
         <input_file_ref idref="fl-c1"/>
      </object_component>
      <object_component id="oc-86">
         <name>.debug_info</name>
         <load_address>0x1994</load_address>
         <run_address>0x1994</run_address>
         <size>0x46</size>
         <input_file_ref idref="fl-c1"/>
      </object_component>
      <object_component id="oc-22">
         <name>.debug_info</name>
         <load_address>0x19da</load_address>
         <run_address>0x19da</run_address>
         <size>0x10a</size>
         <input_file_ref idref="fl-c5"/>
      </object_component>
      <object_component id="oc-58">
         <name>.debug_info</name>
         <load_address>0x1ae4</load_address>
         <run_address>0x1ae4</run_address>
         <size>0x1a8</size>
         <input_file_ref idref="fl-c5"/>
      </object_component>
      <object_component id="oc-15f">
         <name>.debug_info</name>
         <load_address>0x1c8c</load_address>
         <run_address>0x1c8c</run_address>
         <size>0x4b2</size>
         <input_file_ref idref="fl-c9"/>
      </object_component>
      <object_component id="oc-f4">
         <name>.debug_info</name>
         <load_address>0x213e</load_address>
         <run_address>0x213e</run_address>
         <size>0x1a5</size>
         <input_file_ref idref="fl-c9"/>
      </object_component>
      <object_component id="oc-19a">
         <name>.debug_info</name>
         <load_address>0x22e3</load_address>
         <run_address>0x22e3</run_address>
         <size>0x39</size>
         <input_file_ref idref="fl-c9"/>
      </object_component>
      <object_component id="oc-1b0">
         <name>.debug_info</name>
         <load_address>0x231c</load_address>
         <run_address>0x231c</run_address>
         <size>0x39</size>
         <input_file_ref idref="fl-c9"/>
      </object_component>
      <object_component id="oc-19f">
         <name>.debug_info</name>
         <load_address>0x2355</load_address>
         <run_address>0x2355</run_address>
         <size>0x39</size>
         <input_file_ref idref="fl-c9"/>
      </object_component>
      <object_component id="oc-1a4">
         <name>.debug_info</name>
         <load_address>0x238e</load_address>
         <run_address>0x238e</run_address>
         <size>0xcd</size>
         <input_file_ref idref="fl-c9"/>
      </object_component>
      <object_component id="oc-95">
         <name>.debug_info</name>
         <load_address>0x245b</load_address>
         <run_address>0x245b</run_address>
         <size>0x152</size>
         <input_file_ref idref="fl-ca"/>
      </object_component>
      <object_component id="oc-e9">
         <name>.debug_info</name>
         <load_address>0x25ad</load_address>
         <run_address>0x25ad</run_address>
         <size>0x121</size>
         <input_file_ref idref="fl-cc"/>
      </object_component>
      <object_component id="oc-150">
         <name>.debug_info</name>
         <load_address>0x26ce</load_address>
         <run_address>0x26ce</run_address>
         <size>0x240</size>
         <input_file_ref idref="fl-cf"/>
      </object_component>
      <object_component id="oc-d8">
         <name>.debug_info</name>
         <load_address>0x290e</load_address>
         <run_address>0x290e</run_address>
         <size>0x2a3</size>
         <input_file_ref idref="fl-cf"/>
      </object_component>
      <object_component id="oc-14a">
         <name>.debug_info</name>
         <load_address>0x2bb1</load_address>
         <run_address>0x2bb1</run_address>
         <size>0x2b3</size>
         <input_file_ref idref="fl-cf"/>
      </object_component>
      <object_component id="oc-144">
         <name>.debug_info</name>
         <load_address>0x2e64</load_address>
         <run_address>0x2e64</run_address>
         <size>0x316</size>
         <input_file_ref idref="fl-cf"/>
      </object_component>
      <object_component id="oc-d2">
         <name>.debug_info</name>
         <load_address>0x317a</load_address>
         <run_address>0x317a</run_address>
         <size>0x2b7</size>
         <input_file_ref idref="fl-cf"/>
      </object_component>
      <object_component id="oc-13b">
         <name>.debug_info</name>
         <load_address>0x3431</load_address>
         <run_address>0x3431</run_address>
         <size>0x18b</size>
         <input_file_ref idref="fl-cf"/>
      </object_component>
      <object_component id="oc-140">
         <name>.debug_info</name>
         <load_address>0x35bc</load_address>
         <run_address>0x35bc</run_address>
         <size>0x298</size>
         <input_file_ref idref="fl-d2"/>
      </object_component>
      <object_component id="oc-132">
         <name>.debug_info</name>
         <load_address>0x3854</load_address>
         <run_address>0x3854</run_address>
         <size>0x14d</size>
         <input_file_ref idref="fl-d2"/>
      </object_component>
      <object_component id="oc-135">
         <name>.debug_info</name>
         <load_address>0x39a1</load_address>
         <run_address>0x39a1</run_address>
         <size>0x159</size>
         <input_file_ref idref="fl-d2"/>
      </object_component>
      <object_component id="oc-175">
         <name>.debug_info</name>
         <load_address>0x3afa</load_address>
         <run_address>0x3afa</run_address>
         <size>0x153</size>
         <input_file_ref idref="fl-d2"/>
      </object_component>
      <object_component id="oc-138">
         <name>.debug_info</name>
         <load_address>0x3c4d</load_address>
         <run_address>0x3c4d</run_address>
         <size>0x160</size>
         <input_file_ref idref="fl-d2"/>
      </object_component>
      <object_component id="oc-cc">
         <name>.debug_info</name>
         <load_address>0x3dad</load_address>
         <run_address>0x3dad</run_address>
         <size>0x27f</size>
         <input_file_ref idref="fl-d2"/>
      </object_component>
      <object_component id="oc-c6">
         <name>.debug_info</name>
         <load_address>0x402c</load_address>
         <run_address>0x402c</run_address>
         <size>0x27d</size>
         <input_file_ref idref="fl-d2"/>
      </object_component>
      <object_component id="oc-127">
         <name>.debug_info</name>
         <load_address>0x42a9</load_address>
         <run_address>0x42a9</run_address>
         <size>0x270</size>
         <input_file_ref idref="fl-d2"/>
      </object_component>
      <object_component id="oc-12d">
         <name>.debug_info</name>
         <load_address>0x4519</load_address>
         <run_address>0x4519</run_address>
         <size>0x2ba</size>
         <input_file_ref idref="fl-d2"/>
      </object_component>
      <object_component id="oc-c1">
         <name>.debug_info</name>
         <load_address>0x47d3</load_address>
         <run_address>0x47d3</run_address>
         <size>0x49a</size>
         <input_file_ref idref="fl-d2"/>
      </object_component>
      <object_component id="oc-181">
         <name>.debug_info</name>
         <load_address>0x4c6d</load_address>
         <run_address>0x4c6d</run_address>
         <size>0x5f</size>
         <input_file_ref idref="fl-d2"/>
      </object_component>
      <object_component id="oc-1e7">
         <name>.debug_info</name>
         <load_address>0x4ccc</load_address>
         <run_address>0x4ccc</run_address>
         <size>0xbb</size>
      </object_component>
      <object_component id="oc-6c">
         <name>.debug_line</name>
         <load_address>0x0</load_address>
         <run_address>0x0</run_address>
         <size>0x42</size>
         <input_file_ref idref="fl-2"/>
      </object_component>
      <object_component id="oc-2b">
         <name>.debug_line</name>
         <load_address>0x42</load_address>
         <run_address>0x42</run_address>
         <size>0x42</size>
         <input_file_ref idref="fl-2"/>
      </object_component>
      <object_component id="oc-29">
         <name>.debug_line</name>
         <load_address>0x84</load_address>
         <run_address>0x84</run_address>
         <size>0xa2</size>
         <input_file_ref idref="fl-2"/>
      </object_component>
      <object_component id="oc-70">
         <name>.debug_line</name>
         <load_address>0x126</load_address>
         <run_address>0x126</run_address>
         <size>0x83</size>
         <input_file_ref idref="fl-2"/>
      </object_component>
      <object_component id="oc-36">
         <name>.debug_line</name>
         <load_address>0x1a9</load_address>
         <run_address>0x1a9</run_address>
         <size>0x20</size>
         <input_file_ref idref="fl-2"/>
      </object_component>
      <object_component id="oc-ad">
         <name>.debug_line</name>
         <load_address>0x1c9</load_address>
         <run_address>0x1c9</run_address>
         <size>0x87</size>
         <input_file_ref idref="fl-2"/>
      </object_component>
      <object_component id="oc-75">
         <name>.debug_line</name>
         <load_address>0x250</load_address>
         <run_address>0x250</run_address>
         <size>0x84</size>
         <input_file_ref idref="fl-2"/>
      </object_component>
      <object_component id="oc-e5">
         <name>.debug_line</name>
         <load_address>0x2d4</load_address>
         <run_address>0x2d4</run_address>
         <size>0x20</size>
         <input_file_ref idref="fl-3"/>
      </object_component>
      <object_component id="oc-153">
         <name>.debug_line</name>
         <load_address>0x2f4</load_address>
         <run_address>0x2f4</run_address>
         <size>0xd8</size>
         <input_file_ref idref="fl-4"/>
      </object_component>
      <object_component id="oc-99">
         <name>.debug_line</name>
         <load_address>0x3cc</load_address>
         <run_address>0x3cc</run_address>
         <size>0xa8</size>
         <input_file_ref idref="fl-4"/>
      </object_component>
      <object_component id="oc-b9">
         <name>.debug_line</name>
         <load_address>0x474</load_address>
         <run_address>0x474</run_address>
         <size>0x7f</size>
         <input_file_ref idref="fl-5"/>
      </object_component>
      <object_component id="oc-bc">
         <name>.debug_line</name>
         <load_address>0x4f3</load_address>
         <run_address>0x4f3</run_address>
         <size>0x90</size>
         <input_file_ref idref="fl-c1"/>
      </object_component>
      <object_component id="oc-45">
         <name>.debug_line</name>
         <load_address>0x583</load_address>
         <run_address>0x583</run_address>
         <size>0x56</size>
         <input_file_ref idref="fl-c1"/>
      </object_component>
      <object_component id="oc-89">
         <name>.debug_line</name>
         <load_address>0x5d9</load_address>
         <run_address>0x5d9</run_address>
         <size>0x34</size>
         <input_file_ref idref="fl-c1"/>
      </object_component>
      <object_component id="oc-69">
         <name>.debug_line</name>
         <load_address>0x60d</load_address>
         <run_address>0x60d</run_address>
         <size>0x33</size>
         <input_file_ref idref="fl-c5"/>
      </object_component>
      <object_component id="oc-5b">
         <name>.debug_line</name>
         <load_address>0x640</load_address>
         <run_address>0x640</run_address>
         <size>0x45</size>
         <input_file_ref idref="fl-c5"/>
      </object_component>
      <object_component id="oc-199">
         <name>.debug_line</name>
         <load_address>0x685</load_address>
         <run_address>0x685</run_address>
         <size>0xbd</size>
         <input_file_ref idref="fl-c9"/>
      </object_component>
      <object_component id="oc-f7">
         <name>.debug_line</name>
         <load_address>0x742</load_address>
         <run_address>0x742</run_address>
         <size>0x6f</size>
         <input_file_ref idref="fl-c9"/>
      </object_component>
      <object_component id="oc-19d">
         <name>.debug_line</name>
         <load_address>0x7b1</load_address>
         <run_address>0x7b1</run_address>
         <size>0x2e</size>
         <input_file_ref idref="fl-c9"/>
      </object_component>
      <object_component id="oc-1b3">
         <name>.debug_line</name>
         <load_address>0x7df</load_address>
         <run_address>0x7df</run_address>
         <size>0x98</size>
         <input_file_ref idref="fl-c9"/>
      </object_component>
      <object_component id="oc-1a2">
         <name>.debug_line</name>
         <load_address>0x877</load_address>
         <run_address>0x877</run_address>
         <size>0x95</size>
         <input_file_ref idref="fl-c9"/>
      </object_component>
      <object_component id="oc-1a7">
         <name>.debug_line</name>
         <load_address>0x90c</load_address>
         <run_address>0x90c</run_address>
         <size>0x91</size>
         <input_file_ref idref="fl-c9"/>
      </object_component>
      <object_component id="oc-94">
         <name>.debug_line</name>
         <load_address>0x99d</load_address>
         <run_address>0x99d</run_address>
         <size>0x40</size>
         <input_file_ref idref="fl-ca"/>
      </object_component>
      <object_component id="oc-e8">
         <name>.debug_line</name>
         <load_address>0x9dd</load_address>
         <run_address>0x9dd</run_address>
         <size>0x3c</size>
         <input_file_ref idref="fl-cc"/>
      </object_component>
      <object_component id="oc-189">
         <name>.debug_line</name>
         <load_address>0xa19</load_address>
         <run_address>0xa19</run_address>
         <size>0x82</size>
         <input_file_ref idref="fl-cf"/>
      </object_component>
      <object_component id="oc-db">
         <name>.debug_line</name>
         <load_address>0xa9b</load_address>
         <run_address>0xa9b</run_address>
         <size>0x92</size>
         <input_file_ref idref="fl-cf"/>
      </object_component>
      <object_component id="oc-14d">
         <name>.debug_line</name>
         <load_address>0xb2d</load_address>
         <run_address>0xb2d</run_address>
         <size>0x95</size>
         <input_file_ref idref="fl-cf"/>
      </object_component>
      <object_component id="oc-147">
         <name>.debug_line</name>
         <load_address>0xbc2</load_address>
         <run_address>0xbc2</run_address>
         <size>0xd1</size>
         <input_file_ref idref="fl-cf"/>
      </object_component>
      <object_component id="oc-d5">
         <name>.debug_line</name>
         <load_address>0xc93</load_address>
         <run_address>0xc93</run_address>
         <size>0x99</size>
         <input_file_ref idref="fl-cf"/>
      </object_component>
      <object_component id="oc-13e">
         <name>.debug_line</name>
         <load_address>0xd2c</load_address>
         <run_address>0xd2c</run_address>
         <size>0x69</size>
         <input_file_ref idref="fl-cf"/>
      </object_component>
      <object_component id="oc-180">
         <name>.debug_line</name>
         <load_address>0xd95</load_address>
         <run_address>0xd95</run_address>
         <size>0x13d</size>
         <input_file_ref idref="fl-d2"/>
      </object_component>
      <object_component id="oc-17a">
         <name>.debug_line</name>
         <load_address>0xed2</load_address>
         <run_address>0xed2</run_address>
         <size>0x7f</size>
         <input_file_ref idref="fl-d2"/>
      </object_component>
      <object_component id="oc-17c">
         <name>.debug_line</name>
         <load_address>0xf51</load_address>
         <run_address>0xf51</run_address>
         <size>0x7f</size>
         <input_file_ref idref="fl-d2"/>
      </object_component>
      <object_component id="oc-1ac">
         <name>.debug_line</name>
         <load_address>0xfd0</load_address>
         <run_address>0xfd0</run_address>
         <size>0x7f</size>
         <input_file_ref idref="fl-d2"/>
      </object_component>
      <object_component id="oc-17e">
         <name>.debug_line</name>
         <load_address>0x104f</load_address>
         <run_address>0x104f</run_address>
         <size>0x7f</size>
         <input_file_ref idref="fl-d2"/>
      </object_component>
      <object_component id="oc-cf">
         <name>.debug_line</name>
         <load_address>0x10ce</load_address>
         <run_address>0x10ce</run_address>
         <size>0x94</size>
         <input_file_ref idref="fl-d2"/>
      </object_component>
      <object_component id="oc-c9">
         <name>.debug_line</name>
         <load_address>0x1162</load_address>
         <run_address>0x1162</run_address>
         <size>0x94</size>
         <input_file_ref idref="fl-d2"/>
      </object_component>
      <object_component id="oc-12a">
         <name>.debug_line</name>
         <load_address>0x11f6</load_address>
         <run_address>0x11f6</run_address>
         <size>0x9e</size>
         <input_file_ref idref="fl-d2"/>
      </object_component>
      <object_component id="oc-12f">
         <name>.debug_line</name>
         <load_address>0x1294</load_address>
         <run_address>0x1294</run_address>
         <size>0xb0</size>
         <input_file_ref idref="fl-d2"/>
      </object_component>
      <object_component id="oc-c3">
         <name>.debug_line</name>
         <load_address>0x1344</load_address>
         <run_address>0x1344</run_address>
         <size>0x196</size>
         <input_file_ref idref="fl-d2"/>
      </object_component>
      <object_component id="oc-184">
         <name>.debug_line</name>
         <load_address>0x14da</load_address>
         <run_address>0x14da</run_address>
         <size>0x7f</size>
         <input_file_ref idref="fl-d2"/>
      </object_component>
      <object_component id="oc-28">
         <name>.debug_frame</name>
         <load_address>0x0</load_address>
         <run_address>0x0</run_address>
         <size>0x90</size>
         <input_file_ref idref="fl-2"/>
      </object_component>
      <object_component id="oc-9a">
         <name>.debug_frame</name>
         <load_address>0x90</load_address>
         <run_address>0x90</run_address>
         <size>0x70</size>
         <input_file_ref idref="fl-4"/>
      </object_component>
      <object_component id="oc-46">
         <name>.debug_frame</name>
         <load_address>0x100</load_address>
         <run_address>0x100</run_address>
         <size>0x54</size>
         <input_file_ref idref="fl-c1"/>
      </object_component>
      <object_component id="oc-57">
         <name>.debug_frame</name>
         <load_address>0x154</load_address>
         <run_address>0x154</run_address>
         <size>0x50</size>
         <input_file_ref idref="fl-c5"/>
      </object_component>
      <object_component id="oc-f8">
         <name>.debug_frame</name>
         <load_address>0x1a4</load_address>
         <run_address>0x1a4</run_address>
         <size>0x5c</size>
         <input_file_ref idref="fl-c9"/>
      </object_component>
      <object_component id="oc-93">
         <name>.debug_frame</name>
         <load_address>0x200</load_address>
         <run_address>0x200</run_address>
         <size>0x54</size>
         <input_file_ref idref="fl-ca"/>
      </object_component>
      <object_component id="oc-ec">
         <name>.debug_frame</name>
         <load_address>0x254</load_address>
         <run_address>0x254</run_address>
         <size>0x54</size>
         <input_file_ref idref="fl-cc"/>
      </object_component>
      <object_component id="oc-dc">
         <name>.debug_frame</name>
         <load_address>0x2a8</load_address>
         <run_address>0x2a8</run_address>
         <size>0x7f</size>
         <input_file_ref idref="fl-cf"/>
      </object_component>
      <object_component id="oc-14e">
         <name>.debug_frame</name>
         <load_address>0x327</load_address>
         <run_address>0x327</run_address>
         <size>0x7f</size>
         <input_file_ref idref="fl-cf"/>
      </object_component>
      <object_component id="oc-148">
         <name>.debug_frame</name>
         <load_address>0x3a6</load_address>
         <run_address>0x3a6</run_address>
         <size>0x8f</size>
         <input_file_ref idref="fl-cf"/>
      </object_component>
      <object_component id="oc-d6">
         <name>.debug_frame</name>
         <load_address>0x435</load_address>
         <run_address>0x435</run_address>
         <size>0x8a</size>
         <input_file_ref idref="fl-cf"/>
      </object_component>
      <object_component id="oc-d0">
         <name>.debug_frame</name>
         <load_address>0x4bf</load_address>
         <run_address>0x4bf</run_address>
         <size>0x7f</size>
         <input_file_ref idref="fl-d2"/>
      </object_component>
      <object_component id="oc-ca">
         <name>.debug_frame</name>
         <load_address>0x53e</load_address>
         <run_address>0x53e</run_address>
         <size>0x7f</size>
         <input_file_ref idref="fl-d2"/>
      </object_component>
      <object_component id="oc-129">
         <name>.debug_frame</name>
         <load_address>0x5bd</load_address>
         <run_address>0x5bd</run_address>
         <size>0x7f</size>
         <input_file_ref idref="fl-d2"/>
      </object_component>
      <object_component id="oc-130">
         <name>.debug_frame</name>
         <load_address>0x63c</load_address>
         <run_address>0x63c</run_address>
         <size>0x8a</size>
         <input_file_ref idref="fl-d2"/>
      </object_component>
      <object_component id="oc-c4">
         <name>.debug_frame</name>
         <load_address>0x6c6</load_address>
         <run_address>0x6c6</run_address>
         <size>0x98</size>
         <input_file_ref idref="fl-d2"/>
      </object_component>
      <object_component id="oc-6b">
         <name>.debug_abbrev</name>
         <load_address>0x0</load_address>
         <run_address>0x0</run_address>
         <size>0x68</size>
         <input_file_ref idref="fl-2"/>
      </object_component>
      <object_component id="oc-2a">
         <name>.debug_abbrev</name>
         <load_address>0x68</load_address>
         <run_address>0x68</run_address>
         <size>0x29</size>
         <input_file_ref idref="fl-2"/>
      </object_component>
      <object_component id="oc-6a">
         <name>.debug_abbrev</name>
         <load_address>0x91</load_address>
         <run_address>0x91</run_address>
         <size>0xcb</size>
         <input_file_ref idref="fl-2"/>
      </object_component>
      <object_component id="oc-6f">
         <name>.debug_abbrev</name>
         <load_address>0x15c</load_address>
         <run_address>0x15c</run_address>
         <size>0x69</size>
         <input_file_ref idref="fl-2"/>
      </object_component>
      <object_component id="oc-35">
         <name>.debug_abbrev</name>
         <load_address>0x1c5</load_address>
         <run_address>0x1c5</run_address>
         <size>0x1f</size>
         <input_file_ref idref="fl-2"/>
      </object_component>
      <object_component id="oc-ac">
         <name>.debug_abbrev</name>
         <load_address>0x1e4</load_address>
         <run_address>0x1e4</run_address>
         <size>0x5c</size>
         <input_file_ref idref="fl-2"/>
      </object_component>
      <object_component id="oc-74">
         <name>.debug_abbrev</name>
         <load_address>0x240</load_address>
         <run_address>0x240</run_address>
         <size>0x24</size>
         <input_file_ref idref="fl-2"/>
      </object_component>
      <object_component id="oc-e4">
         <name>.debug_abbrev</name>
         <load_address>0x264</load_address>
         <run_address>0x264</run_address>
         <size>0x1f</size>
         <input_file_ref idref="fl-3"/>
      </object_component>
      <object_component id="oc-152">
         <name>.debug_abbrev</name>
         <load_address>0x283</load_address>
         <run_address>0x283</run_address>
         <size>0x88</size>
         <input_file_ref idref="fl-4"/>
      </object_component>
      <object_component id="oc-e1">
         <name>.debug_abbrev</name>
         <load_address>0x30b</load_address>
         <run_address>0x30b</run_address>
         <size>0xa9</size>
         <input_file_ref idref="fl-4"/>
      </object_component>
      <object_component id="oc-b8">
         <name>.debug_abbrev</name>
         <load_address>0x3b4</load_address>
         <run_address>0x3b4</run_address>
         <size>0x24</size>
         <input_file_ref idref="fl-5"/>
      </object_component>
      <object_component id="oc-bb">
         <name>.debug_abbrev</name>
         <load_address>0x3d8</load_address>
         <run_address>0x3d8</run_address>
         <size>0x5d</size>
         <input_file_ref idref="fl-c1"/>
      </object_component>
      <object_component id="oc-85">
         <name>.debug_abbrev</name>
         <load_address>0x435</load_address>
         <run_address>0x435</run_address>
         <size>0x6f</size>
         <input_file_ref idref="fl-c1"/>
      </object_component>
      <object_component id="oc-88">
         <name>.debug_abbrev</name>
         <load_address>0x4a4</load_address>
         <run_address>0x4a4</run_address>
         <size>0x24</size>
         <input_file_ref idref="fl-c1"/>
      </object_component>
      <object_component id="oc-68">
         <name>.debug_abbrev</name>
         <load_address>0x4c8</load_address>
         <run_address>0x4c8</run_address>
         <size>0x29</size>
         <input_file_ref idref="fl-c5"/>
      </object_component>
      <object_component id="oc-a1">
         <name>.debug_abbrev</name>
         <load_address>0x4f1</load_address>
         <run_address>0x4f1</run_address>
         <size>0x55</size>
         <input_file_ref idref="fl-c5"/>
      </object_component>
      <object_component id="oc-198">
         <name>.debug_abbrev</name>
         <load_address>0x546</load_address>
         <run_address>0x546</run_address>
         <size>0xc0</size>
         <input_file_ref idref="fl-c9"/>
      </object_component>
      <object_component id="oc-15e">
         <name>.debug_abbrev</name>
         <load_address>0x606</load_address>
         <run_address>0x606</run_address>
         <size>0x7e</size>
         <input_file_ref idref="fl-c9"/>
      </object_component>
      <object_component id="oc-19c">
         <name>.debug_abbrev</name>
         <load_address>0x684</load_address>
         <run_address>0x684</run_address>
         <size>0x24</size>
         <input_file_ref idref="fl-c9"/>
      </object_component>
      <object_component id="oc-1b2">
         <name>.debug_abbrev</name>
         <load_address>0x6a8</load_address>
         <run_address>0x6a8</run_address>
         <size>0x24</size>
         <input_file_ref idref="fl-c9"/>
      </object_component>
      <object_component id="oc-1a1">
         <name>.debug_abbrev</name>
         <load_address>0x6cc</load_address>
         <run_address>0x6cc</run_address>
         <size>0x24</size>
         <input_file_ref idref="fl-c9"/>
      </object_component>
      <object_component id="oc-1a6">
         <name>.debug_abbrev</name>
         <load_address>0x6f0</load_address>
         <run_address>0x6f0</run_address>
         <size>0x4b</size>
         <input_file_ref idref="fl-c9"/>
      </object_component>
      <object_component id="oc-be">
         <name>.debug_abbrev</name>
         <load_address>0x73b</load_address>
         <run_address>0x73b</run_address>
         <size>0x55</size>
         <input_file_ref idref="fl-ca"/>
      </object_component>
      <object_component id="oc-154">
         <name>.debug_abbrev</name>
         <load_address>0x790</load_address>
         <run_address>0x790</run_address>
         <size>0x45</size>
         <input_file_ref idref="fl-cc"/>
      </object_component>
      <object_component id="oc-188">
         <name>.debug_abbrev</name>
         <load_address>0x7d5</load_address>
         <run_address>0x7d5</run_address>
         <size>0x72</size>
         <input_file_ref idref="fl-cf"/>
      </object_component>
      <object_component id="oc-151">
         <name>.debug_abbrev</name>
         <load_address>0x847</load_address>
         <run_address>0x847</run_address>
         <size>0x6c</size>
         <input_file_ref idref="fl-cf"/>
      </object_component>
      <object_component id="oc-187">
         <name>.debug_abbrev</name>
         <load_address>0x8b3</load_address>
         <run_address>0x8b3</run_address>
         <size>0x6c</size>
         <input_file_ref idref="fl-cf"/>
      </object_component>
      <object_component id="oc-186">
         <name>.debug_abbrev</name>
         <load_address>0x91f</load_address>
         <run_address>0x91f</run_address>
         <size>0x6c</size>
         <input_file_ref idref="fl-cf"/>
      </object_component>
      <object_component id="oc-14f">
         <name>.debug_abbrev</name>
         <load_address>0x98b</load_address>
         <run_address>0x98b</run_address>
         <size>0x7a</size>
         <input_file_ref idref="fl-cf"/>
      </object_component>
      <object_component id="oc-13d">
         <name>.debug_abbrev</name>
         <load_address>0xa05</load_address>
         <run_address>0xa05</run_address>
         <size>0x35</size>
         <input_file_ref idref="fl-cf"/>
      </object_component>
      <object_component id="oc-17f">
         <name>.debug_abbrev</name>
         <load_address>0xa3a</load_address>
         <run_address>0xa3a</run_address>
         <size>0xb0</size>
         <input_file_ref idref="fl-d2"/>
      </object_component>
      <object_component id="oc-179">
         <name>.debug_abbrev</name>
         <load_address>0xaea</load_address>
         <run_address>0xaea</run_address>
         <size>0x27</size>
         <input_file_ref idref="fl-d2"/>
      </object_component>
      <object_component id="oc-17b">
         <name>.debug_abbrev</name>
         <load_address>0xb11</load_address>
         <run_address>0xb11</run_address>
         <size>0x27</size>
         <input_file_ref idref="fl-d2"/>
      </object_component>
      <object_component id="oc-1ab">
         <name>.debug_abbrev</name>
         <load_address>0xb38</load_address>
         <run_address>0xb38</run_address>
         <size>0x27</size>
         <input_file_ref idref="fl-d2"/>
      </object_component>
      <object_component id="oc-17d">
         <name>.debug_abbrev</name>
         <load_address>0xb5f</load_address>
         <run_address>0xb5f</run_address>
         <size>0x27</size>
         <input_file_ref idref="fl-d2"/>
      </object_component>
      <object_component id="oc-142">
         <name>.debug_abbrev</name>
         <load_address>0xb86</load_address>
         <run_address>0xb86</run_address>
         <size>0x6e</size>
         <input_file_ref idref="fl-d2"/>
      </object_component>
      <object_component id="oc-141">
         <name>.debug_abbrev</name>
         <load_address>0xbf4</load_address>
         <run_address>0xbf4</run_address>
         <size>0x6c</size>
         <input_file_ref idref="fl-d2"/>
      </object_component>
      <object_component id="oc-177">
         <name>.debug_abbrev</name>
         <load_address>0xc60</load_address>
         <run_address>0xc60</run_address>
         <size>0x6c</size>
         <input_file_ref idref="fl-d2"/>
      </object_component>
      <object_component id="oc-178">
         <name>.debug_abbrev</name>
         <load_address>0xccc</load_address>
         <run_address>0xccc</run_address>
         <size>0x6c</size>
         <input_file_ref idref="fl-d2"/>
      </object_component>
      <object_component id="oc-13a">
         <name>.debug_abbrev</name>
         <load_address>0xd38</load_address>
         <run_address>0xd38</run_address>
         <size>0x7c</size>
         <input_file_ref idref="fl-d2"/>
      </object_component>
      <object_component id="oc-183">
         <name>.debug_abbrev</name>
         <load_address>0xdb4</load_address>
         <run_address>0xdb4</run_address>
         <size>0x49</size>
         <input_file_ref idref="fl-d2"/>
      </object_component>
      <object_component id="oc-1e8">
         <name>.debug_abbrev</name>
         <load_address>0xdfd</load_address>
         <run_address>0xdfd</run_address>
         <size>0xf</size>
      </object_component>
      <object_component id="oc-71">
         <name>.debug_str</name>
         <load_address>0x0</load_address>
         <run_address>0x0</run_address>
         <size>0x2e0</size>
         <input_file_ref idref="fl-2"/>
      </object_component>
      <object_component id="oc-37">
         <name>.debug_str</name>
         <load_address>0x2e0</load_address>
         <run_address>0x2e0</run_address>
         <size>0xfe</size>
         <input_file_ref idref="fl-2"/>
      </object_component>
      <object_component id="oc-ae">
         <name>.debug_str</name>
         <load_address>0x3de</load_address>
         <run_address>0x3de</run_address>
         <size>0x36f</size>
         <input_file_ref idref="fl-2"/>
      </object_component>
      <object_component id="oc-76">
         <name>.debug_str</name>
         <load_address>0x74d</load_address>
         <run_address>0x74d</run_address>
         <size>0x178</size>
         <input_file_ref idref="fl-2"/>
      </object_component>
      <object_component id="oc-e6">
         <name>.debug_str</name>
         <load_address>0x8c5</load_address>
         <run_address>0x8c5</run_address>
         <size>0xfe</size>
         <input_file_ref idref="fl-3"/>
      </object_component>
      <object_component id="oc-ba">
         <name>.debug_str</name>
         <load_address>0x9c3</load_address>
         <run_address>0x9c3</run_address>
         <size>0x112</size>
         <input_file_ref idref="fl-5"/>
      </object_component>
      <object_component id="oc-8a">
         <name>.debug_str</name>
         <load_address>0xad5</load_address>
         <run_address>0xad5</run_address>
         <size>0x104</size>
         <input_file_ref idref="fl-c1"/>
      </object_component>
      <object_component id="oc-19e">
         <name>.debug_str</name>
         <load_address>0xbd9</load_address>
         <run_address>0xbd9</run_address>
         <size>0xec</size>
         <input_file_ref idref="fl-c9"/>
      </object_component>
      <object_component id="oc-1b4">
         <name>.debug_str</name>
         <load_address>0xcc5</load_address>
         <run_address>0xcc5</run_address>
         <size>0x154</size>
         <input_file_ref idref="fl-c9"/>
      </object_component>
      <object_component id="oc-1a3">
         <name>.debug_str</name>
         <load_address>0xe19</load_address>
         <run_address>0xe19</run_address>
         <size>0x14d</size>
         <input_file_ref idref="fl-c9"/>
      </object_component>
      <object_component id="oc-1a8">
         <name>.debug_str</name>
         <load_address>0xf66</load_address>
         <run_address>0xf66</run_address>
         <size>0x194</size>
         <input_file_ref idref="fl-c9"/>
      </object_component>
      <object_component id="oc-13f">
         <name>.debug_str</name>
         <load_address>0x10fa</load_address>
         <run_address>0x10fa</run_address>
         <size>0x241</size>
         <input_file_ref idref="fl-cf"/>
      </object_component>
      <object_component id="oc-185">
         <name>.debug_str</name>
         <load_address>0x133b</load_address>
         <run_address>0x133b</run_address>
         <size>0x141</size>
         <input_file_ref idref="fl-d2"/>
      </object_component>
      <object_component id="oc-26">
         <name>.debug_aranges</name>
         <load_address>0x0</load_address>
         <run_address>0x0</run_address>
         <size>0x38</size>
         <input_file_ref idref="fl-2"/>
      </object_component>
      <object_component id="oc-9b">
         <name>.debug_aranges</name>
         <load_address>0x38</load_address>
         <run_address>0x38</run_address>
         <size>0x28</size>
         <input_file_ref idref="fl-4"/>
      </object_component>
      <object_component id="oc-47">
         <name>.debug_aranges</name>
         <load_address>0x60</load_address>
         <run_address>0x60</run_address>
         <size>0x20</size>
         <input_file_ref idref="fl-c1"/>
      </object_component>
      <object_component id="oc-59">
         <name>.debug_aranges</name>
         <load_address>0x80</load_address>
         <run_address>0x80</run_address>
         <size>0x20</size>
         <input_file_ref idref="fl-c5"/>
      </object_component>
      <object_component id="oc-f5">
         <name>.debug_aranges</name>
         <load_address>0xa0</load_address>
         <run_address>0xa0</run_address>
         <size>0x20</size>
         <input_file_ref idref="fl-c9"/>
      </object_component>
      <object_component id="oc-97">
         <name>.debug_aranges</name>
         <load_address>0xc0</load_address>
         <run_address>0xc0</run_address>
         <size>0x20</size>
         <input_file_ref idref="fl-ca"/>
      </object_component>
      <object_component id="oc-eb">
         <name>.debug_aranges</name>
         <load_address>0xe0</load_address>
         <run_address>0xe0</run_address>
         <size>0x20</size>
         <input_file_ref idref="fl-cc"/>
      </object_component>
      <object_component id="oc-d9">
         <name>.debug_aranges</name>
         <load_address>0x100</load_address>
         <run_address>0x100</run_address>
         <size>0x20</size>
         <input_file_ref idref="fl-cf"/>
      </object_component>
      <object_component id="oc-14b">
         <name>.debug_aranges</name>
         <load_address>0x120</load_address>
         <run_address>0x120</run_address>
         <size>0x20</size>
         <input_file_ref idref="fl-cf"/>
      </object_component>
      <object_component id="oc-145">
         <name>.debug_aranges</name>
         <load_address>0x140</load_address>
         <run_address>0x140</run_address>
         <size>0x20</size>
         <input_file_ref idref="fl-cf"/>
      </object_component>
      <object_component id="oc-d3">
         <name>.debug_aranges</name>
         <load_address>0x160</load_address>
         <run_address>0x160</run_address>
         <size>0x20</size>
         <input_file_ref idref="fl-cf"/>
      </object_component>
      <object_component id="oc-ce">
         <name>.debug_aranges</name>
         <load_address>0x180</load_address>
         <run_address>0x180</run_address>
         <size>0x20</size>
         <input_file_ref idref="fl-d2"/>
      </object_component>
      <object_component id="oc-c8">
         <name>.debug_aranges</name>
         <load_address>0x1a0</load_address>
         <run_address>0x1a0</run_address>
         <size>0x20</size>
         <input_file_ref idref="fl-d2"/>
      </object_component>
      <object_component id="oc-126">
         <name>.debug_aranges</name>
         <load_address>0x1c0</load_address>
         <run_address>0x1c0</run_address>
         <size>0x20</size>
         <input_file_ref idref="fl-d2"/>
      </object_component>
      <object_component id="oc-12c">
         <name>.debug_aranges</name>
         <load_address>0x1e0</load_address>
         <run_address>0x1e0</run_address>
         <size>0x20</size>
         <input_file_ref idref="fl-d2"/>
      </object_component>
      <object_component id="oc-c0">
         <name>.debug_aranges</name>
         <load_address>0x200</load_address>
         <run_address>0x200</run_address>
         <size>0x20</size>
         <input_file_ref idref="fl-d2"/>
      </object_component>
      <object_component id="oc-11">
         <name>.debug_pubnames</name>
         <load_address>0x0</load_address>
         <run_address>0x0</run_address>
         <size>0x23</size>
         <input_file_ref idref="fl-2"/>
      </object_component>
      <object_component id="oc-27">
         <name>.debug_pubnames</name>
         <load_address>0x23</load_address>
         <run_address>0x23</run_address>
         <size>0x4c</size>
         <input_file_ref idref="fl-2"/>
      </object_component>
      <object_component id="oc-e0">
         <name>.debug_pubnames</name>
         <load_address>0x6f</load_address>
         <run_address>0x6f</run_address>
         <size>0x25</size>
         <input_file_ref idref="fl-4"/>
      </object_component>
      <object_component id="oc-9d">
         <name>.debug_pubnames</name>
         <load_address>0x94</load_address>
         <run_address>0x94</run_address>
         <size>0x27</size>
         <input_file_ref idref="fl-4"/>
      </object_component>
      <object_component id="oc-49">
         <name>.debug_pubnames</name>
         <load_address>0xbb</load_address>
         <run_address>0xbb</run_address>
         <size>0x2e</size>
         <input_file_ref idref="fl-c1"/>
      </object_component>
      <object_component id="oc-23">
         <name>.debug_pubnames</name>
         <load_address>0xe9</load_address>
         <run_address>0xe9</run_address>
         <size>0x1e</size>
         <input_file_ref idref="fl-c5"/>
      </object_component>
      <object_component id="oc-5a">
         <name>.debug_pubnames</name>
         <load_address>0x107</load_address>
         <run_address>0x107</run_address>
         <size>0x26</size>
         <input_file_ref idref="fl-c5"/>
      </object_component>
      <object_component id="oc-f6">
         <name>.debug_pubnames</name>
         <load_address>0x12d</load_address>
         <run_address>0x12d</run_address>
         <size>0x35</size>
         <input_file_ref idref="fl-c9"/>
      </object_component>
      <object_component id="oc-96">
         <name>.debug_pubnames</name>
         <load_address>0x162</load_address>
         <run_address>0x162</run_address>
         <size>0x27</size>
         <input_file_ref idref="fl-ca"/>
      </object_component>
      <object_component id="oc-ea">
         <name>.debug_pubnames</name>
         <load_address>0x189</load_address>
         <run_address>0x189</run_address>
         <size>0x1c</size>
         <input_file_ref idref="fl-cc"/>
      </object_component>
      <object_component id="oc-da">
         <name>.debug_pubnames</name>
         <load_address>0x1a5</load_address>
         <run_address>0x1a5</run_address>
         <size>0x23</size>
         <input_file_ref idref="fl-cf"/>
      </object_component>
      <object_component id="oc-14c">
         <name>.debug_pubnames</name>
         <load_address>0x1c8</load_address>
         <run_address>0x1c8</run_address>
         <size>0x25</size>
         <input_file_ref idref="fl-cf"/>
      </object_component>
      <object_component id="oc-146">
         <name>.debug_pubnames</name>
         <load_address>0x1ed</load_address>
         <run_address>0x1ed</run_address>
         <size>0x27</size>
         <input_file_ref idref="fl-cf"/>
      </object_component>
      <object_component id="oc-d4">
         <name>.debug_pubnames</name>
         <load_address>0x214</load_address>
         <run_address>0x214</run_address>
         <size>0x2c</size>
         <input_file_ref idref="fl-cf"/>
      </object_component>
      <object_component id="oc-133">
         <name>.debug_pubnames</name>
         <load_address>0x240</load_address>
         <run_address>0x240</run_address>
         <size>0x23</size>
         <input_file_ref idref="fl-d2"/>
      </object_component>
      <object_component id="oc-136">
         <name>.debug_pubnames</name>
         <load_address>0x263</load_address>
         <run_address>0x263</run_address>
         <size>0x29</size>
         <input_file_ref idref="fl-d2"/>
      </object_component>
      <object_component id="oc-176">
         <name>.debug_pubnames</name>
         <load_address>0x28c</load_address>
         <run_address>0x28c</run_address>
         <size>0x26</size>
         <input_file_ref idref="fl-d2"/>
      </object_component>
      <object_component id="oc-139">
         <name>.debug_pubnames</name>
         <load_address>0x2b2</load_address>
         <run_address>0x2b2</run_address>
         <size>0x2c</size>
         <input_file_ref idref="fl-d2"/>
      </object_component>
      <object_component id="oc-cd">
         <name>.debug_pubnames</name>
         <load_address>0x2de</load_address>
         <run_address>0x2de</run_address>
         <size>0x2c</size>
         <input_file_ref idref="fl-d2"/>
      </object_component>
      <object_component id="oc-c7">
         <name>.debug_pubnames</name>
         <load_address>0x30a</load_address>
         <run_address>0x30a</run_address>
         <size>0x2d</size>
         <input_file_ref idref="fl-d2"/>
      </object_component>
      <object_component id="oc-128">
         <name>.debug_pubnames</name>
         <load_address>0x337</load_address>
         <run_address>0x337</run_address>
         <size>0x2a</size>
         <input_file_ref idref="fl-d2"/>
      </object_component>
      <object_component id="oc-12e">
         <name>.debug_pubnames</name>
         <load_address>0x361</load_address>
         <run_address>0x361</run_address>
         <size>0x2a</size>
         <input_file_ref idref="fl-d2"/>
      </object_component>
      <object_component id="oc-c2">
         <name>.debug_pubnames</name>
         <load_address>0x38b</load_address>
         <run_address>0x38b</run_address>
         <size>0x29</size>
         <input_file_ref idref="fl-d2"/>
      </object_component>
      <object_component id="oc-6e">
         <name>.debug_pubtypes</name>
         <load_address>0x0</load_address>
         <run_address>0x0</run_address>
         <size>0x25c</size>
         <input_file_ref idref="fl-2"/>
      </object_component>
      <object_component id="oc-34">
         <name>.debug_pubtypes</name>
         <load_address>0x25c</load_address>
         <run_address>0x25c</run_address>
         <size>0xed</size>
         <input_file_ref idref="fl-2"/>
      </object_component>
      <object_component id="oc-ab">
         <name>.debug_pubtypes</name>
         <load_address>0x349</load_address>
         <run_address>0x349</run_address>
         <size>0x325</size>
         <input_file_ref idref="fl-2"/>
      </object_component>
      <object_component id="oc-73">
         <name>.debug_pubtypes</name>
         <load_address>0x66e</load_address>
         <run_address>0x66e</run_address>
         <size>0xaa</size>
         <input_file_ref idref="fl-2"/>
      </object_component>
      <object_component id="oc-e3">
         <name>.debug_pubtypes</name>
         <load_address>0x718</load_address>
         <run_address>0x718</run_address>
         <size>0xff</size>
         <input_file_ref idref="fl-3"/>
      </object_component>
      <object_component id="oc-b7">
         <name>.debug_pubtypes</name>
         <load_address>0x817</load_address>
         <run_address>0x817</run_address>
         <size>0x1d</size>
         <input_file_ref idref="fl-5"/>
      </object_component>
      <object_component id="oc-87">
         <name>.debug_pubtypes</name>
         <load_address>0x834</load_address>
         <run_address>0x834</run_address>
         <size>0x48</size>
         <input_file_ref idref="fl-c1"/>
      </object_component>
      <object_component id="oc-19b">
         <name>.debug_pubtypes</name>
         <load_address>0x87c</load_address>
         <run_address>0x87c</run_address>
         <size>0x32</size>
         <input_file_ref idref="fl-c9"/>
      </object_component>
      <object_component id="oc-1b1">
         <name>.debug_pubtypes</name>
         <load_address>0x8ae</load_address>
         <run_address>0x8ae</run_address>
         <size>0x30</size>
         <input_file_ref idref="fl-c9"/>
      </object_component>
      <object_component id="oc-1a0">
         <name>.debug_pubtypes</name>
         <load_address>0x8de</load_address>
         <run_address>0x8de</run_address>
         <size>0x2c</size>
         <input_file_ref idref="fl-c9"/>
      </object_component>
      <object_component id="oc-1a5">
         <name>.debug_pubtypes</name>
         <load_address>0x90a</load_address>
         <run_address>0x90a</run_address>
         <size>0x50</size>
         <input_file_ref idref="fl-c9"/>
      </object_component>
      <object_component id="oc-13c">
         <name>.debug_pubtypes</name>
         <load_address>0x95a</load_address>
         <run_address>0x95a</run_address>
         <size>0x1c6</size>
         <input_file_ref idref="fl-cf"/>
      </object_component>
      <object_component id="oc-182">
         <name>.debug_pubtypes</name>
         <load_address>0xb20</load_address>
         <run_address>0xb20</run_address>
         <size>0x28</size>
         <input_file_ref idref="fl-d2"/>
      </object_component>
   </object_component_list>
   <logical_group_list>
      <logical_group id="lg-3" display="no" color="cyan">
         <name>.intvecs</name>
         <load_address>0x0</load_address>
         <run_address>0x0</run_address>
         <size>0x208</size>
         <contents>
            <object_component_ref idref="oc-f"/>
         </contents>
      </logical_group>
      <logical_group id="lg-4" display="no" color="cyan">
         <name>.text</name>
         <load_address>0x208</load_address>
         <run_address>0x208</run_address>
         <size>0x60c</size>
         <contents>
            <object_component_ref idref="oc-bf"/>
            <object_component_ref idref="oc-143"/>
            <object_component_ref idref="oc-98"/>
            <object_component_ref idref="oc-12b"/>
            <object_component_ref idref="oc-f3"/>
            <object_component_ref idref="oc-cb"/>
            <object_component_ref idref="oc-c5"/>
            <object_component_ref idref="oc-56"/>
            <object_component_ref idref="oc-149"/>
            <object_component_ref idref="oc-125"/>
            <object_component_ref idref="oc-44"/>
            <object_component_ref idref="oc-d1"/>
            <object_component_ref idref="oc-24"/>
            <object_component_ref idref="oc-d7"/>
            <object_component_ref idref="oc-dd"/>
            <object_component_ref idref="oc-92"/>
            <object_component_ref idref="oc-e7"/>
         </contents>
      </logical_group>
      <logical_group id="lg-5" display="no" color="cyan">
         <name>.const</name>
         <load_address>0x814</load_address>
         <run_address>0x814</run_address>
         <size>0x254</size>
         <contents>
            <object_component_ref idref="oc-134"/>
            <object_component_ref idref="oc-131"/>
            <object_component_ref idref="oc-174"/>
            <object_component_ref idref="oc-137"/>
         </contents>
      </logical_group>
      <logical_group id="lg-6" display="no" color="cyan">
         <name>.cinit</name>
         <load_address>0xa68</load_address>
         <run_address>0xa68</run_address>
         <size>0x14</size>
         <contents>
            <object_component_ref idref="oc-1e5"/>
            <object_component_ref idref="oc-1e3"/>
            <object_component_ref idref="oc-1e4"/>
         </contents>
      </logical_group>
      <logical_group id="lg-7" display="no" color="cyan">
         <name>.pinit</name>
         <run_address>0x0</run_address>
         <size>0x0</size>
         <contents>
         </contents>
      </logical_group>
      <logical_group id="lg-8" display="no" color="cyan">
         <name>.init_array</name>
         <run_address>0x0</run_address>
         <size>0x0</size>
         <contents>
         </contents>
      </logical_group>
      <logical_group id="lg-9" display="no" color="cyan">
         <name>.vtable</name>
         <run_address>0x0</run_address>
         <size>0x0</size>
         <contents>
         </contents>
      </logical_group>
      <logical_group id="lg-a" display="no" color="cyan">
         <name>.data</name>
         <run_address>0x0</run_address>
         <size>0x0</size>
         <contents>
         </contents>
      </logical_group>
      <logical_group id="lg-b" display="no" color="cyan">
         <name>.bss</name>
         <run_address>0x20000400</run_address>
         <size>0x4</size>
         <contents>
            <object_component_ref idref="oc-de"/>
         </contents>
      </logical_group>
      <logical_group id="lg-c" display="no" color="cyan">
         <name>.sysmem</name>
         <run_address>0x0</run_address>
         <size>0x0</size>
         <contents>
         </contents>
      </logical_group>
      <logical_group id="lg-d" display="no" color="cyan">
         <name>.stack</name>
         <run_address>0x20000000</run_address>
         <size>0x400</size>
         <contents>
            <object_component_ref idref="oc-21"/>
            <object_component_ref idref="oc-1e6"/>
         </contents>
      </logical_group>
      <logical_group id="lg-1bc" display="no" color="cyan">
         <name>.TI.noinit</name>
         <run_address>0x0</run_address>
         <size>0x0</size>
         <contents>
         </contents>
      </logical_group>
      <logical_group id="lg-1bd" display="no" color="cyan">
         <name>.TI.persistent</name>
         <run_address>0x0</run_address>
         <size>0x0</size>
         <contents>
         </contents>
      </logical_group>
      <logical_group id="lg-1cb" display="never" color="cyan">
         <name>.debug_info</name>
         <load_address>0x0</load_address>
         <run_address>0x0</run_address>
         <size>0x4d87</size>
         <contents>
            <object_component_ref idref="oc-2c"/>
            <object_component_ref idref="oc-10"/>
            <object_component_ref idref="oc-25"/>
            <object_component_ref idref="oc-6d"/>
            <object_component_ref idref="oc-33"/>
            <object_component_ref idref="oc-aa"/>
            <object_component_ref idref="oc-72"/>
            <object_component_ref idref="oc-e2"/>
            <object_component_ref idref="oc-df"/>
            <object_component_ref idref="oc-9c"/>
            <object_component_ref idref="oc-b6"/>
            <object_component_ref idref="oc-8b"/>
            <object_component_ref idref="oc-48"/>
            <object_component_ref idref="oc-86"/>
            <object_component_ref idref="oc-22"/>
            <object_component_ref idref="oc-58"/>
            <object_component_ref idref="oc-15f"/>
            <object_component_ref idref="oc-f4"/>
            <object_component_ref idref="oc-19a"/>
            <object_component_ref idref="oc-1b0"/>
            <object_component_ref idref="oc-19f"/>
            <object_component_ref idref="oc-1a4"/>
            <object_component_ref idref="oc-95"/>
            <object_component_ref idref="oc-e9"/>
            <object_component_ref idref="oc-150"/>
            <object_component_ref idref="oc-d8"/>
            <object_component_ref idref="oc-14a"/>
            <object_component_ref idref="oc-144"/>
            <object_component_ref idref="oc-d2"/>
            <object_component_ref idref="oc-13b"/>
            <object_component_ref idref="oc-140"/>
            <object_component_ref idref="oc-132"/>
            <object_component_ref idref="oc-135"/>
            <object_component_ref idref="oc-175"/>
            <object_component_ref idref="oc-138"/>
            <object_component_ref idref="oc-cc"/>
            <object_component_ref idref="oc-c6"/>
            <object_component_ref idref="oc-127"/>
            <object_component_ref idref="oc-12d"/>
            <object_component_ref idref="oc-c1"/>
            <object_component_ref idref="oc-181"/>
            <object_component_ref idref="oc-1e7"/>
         </contents>
      </logical_group>
      <logical_group id="lg-1cd" display="never" color="cyan">
         <name>.debug_line</name>
         <load_address>0x0</load_address>
         <run_address>0x0</run_address>
         <size>0x1559</size>
         <contents>
            <object_component_ref idref="oc-6c"/>
            <object_component_ref idref="oc-2b"/>
            <object_component_ref idref="oc-29"/>
            <object_component_ref idref="oc-70"/>
            <object_component_ref idref="oc-36"/>
            <object_component_ref idref="oc-ad"/>
            <object_component_ref idref="oc-75"/>
            <object_component_ref idref="oc-e5"/>
            <object_component_ref idref="oc-153"/>
            <object_component_ref idref="oc-99"/>
            <object_component_ref idref="oc-b9"/>
            <object_component_ref idref="oc-bc"/>
            <object_component_ref idref="oc-45"/>
            <object_component_ref idref="oc-89"/>
            <object_component_ref idref="oc-69"/>
            <object_component_ref idref="oc-5b"/>
            <object_component_ref idref="oc-199"/>
            <object_component_ref idref="oc-f7"/>
            <object_component_ref idref="oc-19d"/>
            <object_component_ref idref="oc-1b3"/>
            <object_component_ref idref="oc-1a2"/>
            <object_component_ref idref="oc-1a7"/>
            <object_component_ref idref="oc-94"/>
            <object_component_ref idref="oc-e8"/>
            <object_component_ref idref="oc-189"/>
            <object_component_ref idref="oc-db"/>
            <object_component_ref idref="oc-14d"/>
            <object_component_ref idref="oc-147"/>
            <object_component_ref idref="oc-d5"/>
            <object_component_ref idref="oc-13e"/>
            <object_component_ref idref="oc-180"/>
            <object_component_ref idref="oc-17a"/>
            <object_component_ref idref="oc-17c"/>
            <object_component_ref idref="oc-1ac"/>
            <object_component_ref idref="oc-17e"/>
            <object_component_ref idref="oc-cf"/>
            <object_component_ref idref="oc-c9"/>
            <object_component_ref idref="oc-12a"/>
            <object_component_ref idref="oc-12f"/>
            <object_component_ref idref="oc-c3"/>
            <object_component_ref idref="oc-184"/>
         </contents>
      </logical_group>
      <logical_group id="lg-1cf" display="never" color="cyan">
         <name>.debug_frame</name>
         <load_address>0x0</load_address>
         <run_address>0x0</run_address>
         <size>0x75e</size>
         <contents>
            <object_component_ref idref="oc-28"/>
            <object_component_ref idref="oc-9a"/>
            <object_component_ref idref="oc-46"/>
            <object_component_ref idref="oc-57"/>
            <object_component_ref idref="oc-f8"/>
            <object_component_ref idref="oc-93"/>
            <object_component_ref idref="oc-ec"/>
            <object_component_ref idref="oc-dc"/>
            <object_component_ref idref="oc-14e"/>
            <object_component_ref idref="oc-148"/>
            <object_component_ref idref="oc-d6"/>
            <object_component_ref idref="oc-d0"/>
            <object_component_ref idref="oc-ca"/>
            <object_component_ref idref="oc-129"/>
            <object_component_ref idref="oc-130"/>
            <object_component_ref idref="oc-c4"/>
         </contents>
      </logical_group>
      <logical_group id="lg-1d1" display="never" color="cyan">
         <name>.debug_abbrev</name>
         <load_address>0x0</load_address>
         <run_address>0x0</run_address>
         <size>0xe0c</size>
         <contents>
            <object_component_ref idref="oc-6b"/>
            <object_component_ref idref="oc-2a"/>
            <object_component_ref idref="oc-6a"/>
            <object_component_ref idref="oc-6f"/>
            <object_component_ref idref="oc-35"/>
            <object_component_ref idref="oc-ac"/>
            <object_component_ref idref="oc-74"/>
            <object_component_ref idref="oc-e4"/>
            <object_component_ref idref="oc-152"/>
            <object_component_ref idref="oc-e1"/>
            <object_component_ref idref="oc-b8"/>
            <object_component_ref idref="oc-bb"/>
            <object_component_ref idref="oc-85"/>
            <object_component_ref idref="oc-88"/>
            <object_component_ref idref="oc-68"/>
            <object_component_ref idref="oc-a1"/>
            <object_component_ref idref="oc-198"/>
            <object_component_ref idref="oc-15e"/>
            <object_component_ref idref="oc-19c"/>
            <object_component_ref idref="oc-1b2"/>
            <object_component_ref idref="oc-1a1"/>
            <object_component_ref idref="oc-1a6"/>
            <object_component_ref idref="oc-be"/>
            <object_component_ref idref="oc-154"/>
            <object_component_ref idref="oc-188"/>
            <object_component_ref idref="oc-151"/>
            <object_component_ref idref="oc-187"/>
            <object_component_ref idref="oc-186"/>
            <object_component_ref idref="oc-14f"/>
            <object_component_ref idref="oc-13d"/>
            <object_component_ref idref="oc-17f"/>
            <object_component_ref idref="oc-179"/>
            <object_component_ref idref="oc-17b"/>
            <object_component_ref idref="oc-1ab"/>
            <object_component_ref idref="oc-17d"/>
            <object_component_ref idref="oc-142"/>
            <object_component_ref idref="oc-141"/>
            <object_component_ref idref="oc-177"/>
            <object_component_ref idref="oc-178"/>
            <object_component_ref idref="oc-13a"/>
            <object_component_ref idref="oc-183"/>
            <object_component_ref idref="oc-1e8"/>
         </contents>
      </logical_group>
      <logical_group id="lg-1d3" display="never" color="cyan">
         <name>.debug_str</name>
         <load_address>0x0</load_address>
         <run_address>0x0</run_address>
         <size>0x147c</size>
         <contents>
            <object_component_ref idref="oc-71"/>
            <object_component_ref idref="oc-37"/>
            <object_component_ref idref="oc-ae"/>
            <object_component_ref idref="oc-76"/>
            <object_component_ref idref="oc-e6"/>
            <object_component_ref idref="oc-ba"/>
            <object_component_ref idref="oc-8a"/>
            <object_component_ref idref="oc-19e"/>
            <object_component_ref idref="oc-1b4"/>
            <object_component_ref idref="oc-1a3"/>
            <object_component_ref idref="oc-1a8"/>
            <object_component_ref idref="oc-13f"/>
            <object_component_ref idref="oc-185"/>
         </contents>
      </logical_group>
      <logical_group id="lg-1d5" display="never" color="cyan">
         <name>.debug_aranges</name>
         <load_address>0x0</load_address>
         <run_address>0x0</run_address>
         <size>0x220</size>
         <contents>
            <object_component_ref idref="oc-26"/>
            <object_component_ref idref="oc-9b"/>
            <object_component_ref idref="oc-47"/>
            <object_component_ref idref="oc-59"/>
            <object_component_ref idref="oc-f5"/>
            <object_component_ref idref="oc-97"/>
            <object_component_ref idref="oc-eb"/>
            <object_component_ref idref="oc-d9"/>
            <object_component_ref idref="oc-14b"/>
            <object_component_ref idref="oc-145"/>
            <object_component_ref idref="oc-d3"/>
            <object_component_ref idref="oc-ce"/>
            <object_component_ref idref="oc-c8"/>
            <object_component_ref idref="oc-126"/>
            <object_component_ref idref="oc-12c"/>
            <object_component_ref idref="oc-c0"/>
         </contents>
      </logical_group>
      <logical_group id="lg-1d7" display="never" color="cyan">
         <name>.debug_pubnames</name>
         <load_address>0x0</load_address>
         <run_address>0x0</run_address>
         <size>0x3b4</size>
         <contents>
            <object_component_ref idref="oc-11"/>
            <object_component_ref idref="oc-27"/>
            <object_component_ref idref="oc-e0"/>
            <object_component_ref idref="oc-9d"/>
            <object_component_ref idref="oc-49"/>
            <object_component_ref idref="oc-23"/>
            <object_component_ref idref="oc-5a"/>
            <object_component_ref idref="oc-f6"/>
            <object_component_ref idref="oc-96"/>
            <object_component_ref idref="oc-ea"/>
            <object_component_ref idref="oc-da"/>
            <object_component_ref idref="oc-14c"/>
            <object_component_ref idref="oc-146"/>
            <object_component_ref idref="oc-d4"/>
            <object_component_ref idref="oc-133"/>
            <object_component_ref idref="oc-136"/>
            <object_component_ref idref="oc-176"/>
            <object_component_ref idref="oc-139"/>
            <object_component_ref idref="oc-cd"/>
            <object_component_ref idref="oc-c7"/>
            <object_component_ref idref="oc-128"/>
            <object_component_ref idref="oc-12e"/>
            <object_component_ref idref="oc-c2"/>
         </contents>
      </logical_group>
      <logical_group id="lg-1d9" display="never" color="cyan">
         <name>.debug_pubtypes</name>
         <load_address>0x0</load_address>
         <run_address>0x0</run_address>
         <size>0xb48</size>
         <contents>
            <object_component_ref idref="oc-6e"/>
            <object_component_ref idref="oc-34"/>
            <object_component_ref idref="oc-ab"/>
            <object_component_ref idref="oc-73"/>
            <object_component_ref idref="oc-e3"/>
            <object_component_ref idref="oc-b7"/>
            <object_component_ref idref="oc-87"/>
            <object_component_ref idref="oc-19b"/>
            <object_component_ref idref="oc-1b1"/>
            <object_component_ref idref="oc-1a0"/>
            <object_component_ref idref="oc-1a5"/>
            <object_component_ref idref="oc-13c"/>
            <object_component_ref idref="oc-182"/>
         </contents>
      </logical_group>
      <load_segment id="lg-1eb" display="no" color="cyan">
         <name>SEGMENT_0</name>
         <load_address>0x0</load_address>
         <run_address>0x0</run_address>
         <size>0xa7c</size>
         <flags>0x5</flags>
         <contents>
            <logical_group_ref idref="lg-3"/>
            <logical_group_ref idref="lg-4"/>
            <logical_group_ref idref="lg-5"/>
            <logical_group_ref idref="lg-6"/>
         </contents>
      </load_segment>
      <load_segment id="lg-1ec" display="no" color="cyan">
         <name>SEGMENT_1</name>
         <run_address>0x20000000</run_address>
         <size>0x404</size>
         <flags>0x6</flags>
         <contents>
            <logical_group_ref idref="lg-d"/>
            <logical_group_ref idref="lg-b"/>
         </contents>
      </load_segment>
   </logical_group_list>
   <placement_map>
      <memory_area display="yes" color="green">
         <name>FLASH</name>
         <page_id>0x0</page_id>
         <origin>0x0</origin>
         <length>0x100000</length>
         <used_space>0xa7c</used_space>
         <unused_space>0xff584</unused_space>
         <attributes>RX</attributes>
         <usage_details>
            <allocated_space>
               <start_address>0x0</start_address>
               <size>0x208</size>
               <logical_group_ref idref="lg-3"/>
            </allocated_space>
            <allocated_space>
               <start_address>0x208</start_address>
               <size>0x60c</size>
               <logical_group_ref idref="lg-4"/>
            </allocated_space>
            <allocated_space>
               <start_address>0x814</start_address>
               <size>0x254</size>
               <logical_group_ref idref="lg-5"/>
            </allocated_space>
            <allocated_space>
               <start_address>0xa68</start_address>
               <size>0x14</size>
               <logical_group_ref idref="lg-6"/>
            </allocated_space>
            <available_space>
               <start_address>0xa7c</start_address>
               <size>0xff584</size>
            </available_space>
         </usage_details>
      </memory_area>
      <memory_area display="yes" color="green">
         <name>SRAM</name>
         <page_id>0x0</page_id>
         <origin>0x20000000</origin>
         <length>0x40000</length>
         <used_space>0x404</used_space>
         <unused_space>0x3fbfc</unused_space>
         <attributes>RWX</attributes>
         <usage_details>
            <allocated_space>
               <start_address>0x20000000</start_address>
               <size>0x400</size>
               <logical_group_ref idref="lg-d"/>
            </allocated_space>
            <allocated_space>
               <start_address>0x20000400</start_address>
               <size>0x4</size>
               <logical_group_ref idref="lg-b"/>
            </allocated_space>
            <available_space>
               <start_address>0x20000404</start_address>
               <size>0x3fbfc</size>
            </available_space>
         </usage_details>
      </memory_area>
   </placement_map>
   <cptbl_list>
      <cptbl>
         <name>__TI_cinit_table</name>
         <cprec>
            <name>.bss</name>
            <load_address>0xa68</load_address>
            <load_size>0x8</load_size>
            <run_address>0x20000400</run_address>
            <run_size>0x4</run_size>
            <compression>zero_init</compression>
         </cprec>
      </cptbl>
   </cptbl_list>
   <handler_table>
      <handler_table_name>__TI_handler_table</handler_table_name>
      <handler>
         <index>0x0</index>
         <name>__TI_zero_init</name>
      </handler>
   </handler_table>
   <symbol_table>
      <symbol id="sm-1">
         <name>__STACK_TOP</name>
         <value>0x20000200</value>
      </symbol>
      <symbol id="sm-2">
         <name>__TI_CINIT_Base</name>
         <value>0xa74</value>
      </symbol>
      <symbol id="sm-3">
         <name>__TI_CINIT_Limit</name>
         <value>0xa7c</value>
      </symbol>
      <symbol id="sm-4">
         <name>__TI_Handler_Table_Base</name>
         <value>0xa70</value>
      </symbol>
      <symbol id="sm-5">
         <name>__TI_Handler_Table_Limit</name>
         <value>0xa74</value>
      </symbol>
      <symbol id="sm-6">
         <name>binit</name>
         <value>0xffffffff</value>
      </symbol>
      <symbol id="sm-7">
         <name>__binit__</name>
         <value>0xffffffff</value>
      </symbol>
      <symbol id="sm-8">
         <name>__STACK_SIZE</name>
         <value>0x400</value>
      </symbol>
      <symbol id="sm-9">
         <name>__STACK_END</name>
         <value>0x20000400</value>
      </symbol>
      <symbol id="sm-a">
         <name>__c_args__</name>
         <value>0xffffffff</value>
      </symbol>
      <symbol id="sm-b">
         <name>__TI_pprof_out_hndl</name>
         <value>0xffffffff</value>
      </symbol>
      <symbol id="sm-c">
         <name>__TI_prof_data_start</name>
         <value>0xffffffff</value>
      </symbol>
      <symbol id="sm-d">
         <name>__TI_prof_data_size</name>
         <value>0xffffffff</value>
      </symbol>
      <symbol id="sm-52">
         <name>ResetISR</name>
         <value>0x7f5</value>
         <object_component_ref idref="oc-24"/>
      </symbol>
      <symbol id="sm-53">
         <name>g_pfnVectors</name>
         <value>0x0</value>
         <object_component_ref idref="oc-f"/>
      </symbol>
      <symbol id="sm-7a">
         <name>g_ui32SysClock</name>
         <value>0x20000400</value>
      </symbol>
      <symbol id="sm-7b">
         <name>main</name>
         <value>0x53d</value>
         <object_component_ref idref="oc-98"/>
      </symbol>
      <symbol id="sm-7c">
         <name>led_set</name>
         <value>0x5b3</value>
         <object_component_ref idref="oc-98"/>
      </symbol>
      <symbol id="sm-97">
         <name>__TI_zero_init_nomemset</name>
         <value>0x7c1</value>
         <object_component_ref idref="oc-44"/>
      </symbol>
      <symbol id="sm-ad">
         <name>__stack</name>
         <value>0x20000000</value>
         <object_component_ref idref="oc-21"/>
      </symbol>
      <symbol id="sm-ae">
         <name>_c_int00_noargs</name>
         <value>0x741</value>
         <object_component_ref idref="oc-56"/>
      </symbol>
      <symbol id="sm-d9">
         <name>__TI_auto_init_nobinit_nopinit</name>
         <value>0x691</value>
         <object_component_ref idref="oc-f3"/>
      </symbol>
      <symbol id="sm-e3">
         <name>_system_pre_init</name>
         <value>0x80d</value>
         <object_component_ref idref="oc-92"/>
      </symbol>
      <symbol id="sm-ef">
         <name>C$$EXIT</name>
         <value>0x811</value>
         <object_component_ref idref="oc-e7"/>
      </symbol>
      <symbol id="sm-f0">
         <name>abort</name>
         <value>0x811</value>
         <object_component_ref idref="oc-e7"/>
      </symbol>
      <symbol id="sm-11e">
         <name>GPIOPinTypeGPIOOutput</name>
         <value>0x7dd</value>
         <object_component_ref idref="oc-d1"/>
      </symbol>
      <symbol id="sm-11f">
         <name>GPIODirModeSet</name>
         <value>0x775</value>
         <object_component_ref idref="oc-149"/>
      </symbol>
      <symbol id="sm-120">
         <name>GPIOPinWrite</name>
         <value>0x801</value>
         <object_component_ref idref="oc-d7"/>
      </symbol>
      <symbol id="sm-121">
         <name>GPIOPadConfigSet</name>
         <value>0x409</value>
         <object_component_ref idref="oc-143"/>
      </symbol>
      <symbol id="sm-19f">
         <name>SysCtlDelay</name>
         <value>0x807</value>
         <object_component_ref idref="oc-dd"/>
      </symbol>
      <symbol id="sm-1a0">
         <name>SysCtlPeripheralEnable</name>
         <value>0x70d</value>
         <object_component_ref idref="oc-c5"/>
      </symbol>
      <symbol id="sm-1a1">
         <name>SysCtlPeripheralReady</name>
         <value>0x6d5</value>
         <object_component_ref idref="oc-cb"/>
      </symbol>
      <symbol id="sm-1a2">
         <name>SysCtlClockFreqSet</name>
         <value>0x209</value>
         <object_component_ref idref="oc-bf"/>
      </symbol>
      <symbol id="sm-1a4">
         <name>__TI_static_base__</name>
         <value>0x0</value>
      </symbol>
      <symbol id="sm-1a6">
         <name>__mpu_init</name>
         <value>0x0</value>
      </symbol>
      <symbol id="sm-1a7">
         <name>_system_post_cinit</name>
         <value>0x0</value>
      </symbol>
   </symbol_table>
   <title>Link successful</title>
</link_info>
